{
  "benchmark": "LongMemEval",
  "timestamp": "2026-04-08T05:37:13.550704",
  "summary": {
    "total_questions": 500,
    "correct_answers": 118,
    "accuracy": 0.236,
    "target_accuracy": 0.75,
    "target_achieved": false
  },
  "by_category": {
    "information_extraction": 0.18,
    "abstention": 1.0
  },
  "latency": {
    "mean": 0.03584171867370606,
    "median": 0.03321707248687744,
    "p50": 0.03321707248687744,
    "p95": 0.05149496793746947,
    "p99": 0.08254210710525497,
    "min": 0.024183988571166992,
    "max": 0.19754314422607422
  },
  "performance": {
    "throughput_qps": 27.9004477743868,
    "avg_latency_ms": 35.841718673706055
  }
}