{
  "benchmark": "LongMemEval",
  "timestamp": "2026-04-08T05:47:20.144023",
  "summary": {
    "total_questions": 500,
    "correct_answers": 118,
    "accuracy": 0.236,
    "target_accuracy": 0.75,
    "target_achieved": false
  },
  "by_category": {
    "information_extraction": 0.18,
    "abstention": 1.0
  },
  "latency": {
    "mean": 0.045858132839202884,
    "median": 0.043402671813964844,
    "p50": 0.043402671813964844,
    "p95": 0.06230015754699705,
    "p99": 0.0795713901519775,
    "min": 0.03154730796813965,
    "max": 0.1891336441040039
  },
  "performance": {
    "throughput_qps": 21.80638281777419,
    "avg_latency_ms": 45.85813283920288
  }
}