{
  "benchmark": "LongMemEval",
  "timestamp": "2026-04-08T17:00:54.286009",
  "summary": {
    "total_questions": 500,
    "correct_answers": 129,
    "accuracy": 0.258,
    "target_accuracy": 0.75,
    "target_achieved": false
  },
  "by_category": {
    "information_extraction": 0.29,
    "abstention": 1.0
  },
  "latency": {
    "mean": 0.012615336418151855,
    "median": 0.01203310489654541,
    "p50": 0.01203310489654541,
    "p95": 0.01401752233505248,
    "p99": 0.028907332420349117,
    "min": 0.011070966720581055,
    "max": 0.030612945556640625
  },
  "performance": {
    "throughput_qps": 79.26859552957525,
    "avg_latency_ms": 12.615336418151855
  }
}