{
  "benchmark": "LongMemEval",
  "timestamp": "2026-04-08T19:49:51.038777",
  "summary": {
    "total_questions": 500,
    "correct_answers": 165,
    "accuracy": 0.33,
    "target_accuracy": 0.75,
    "target_achieved": false
  },
  "by_category": {
    "information_extraction": 0.8,
    "temporal_reasoning": 0.03,
    "knowledge_updates": 0.82
  },
  "latency": {
    "mean": 0.016304500579833986,
    "median": 0.014405965805053711,
    "p50": 0.014405965805053711,
    "p95": 0.02728117704391475,
    "p99": 0.03696733713150024,
    "min": 0.009335756301879883,
    "max": 0.05925607681274414
  },
  "performance": {
    "throughput_qps": 61.33275871306585,
    "avg_latency_ms": 16.304500579833984
  }
}