{
  "benchmark": "LongMemEval",
  "timestamp": "2026-04-08T17:13:50.076866",
  "summary": {
    "total_questions": 500,
    "correct_answers": 100,
    "accuracy": 0.2,
    "target_accuracy": 0.75,
    "target_achieved": false
  },
  "by_category": {
    "abstention": 1.0
  },
  "latency": {
    "mean": 0.007073630809783935,
    "median": 0.006571531295776367,
    "p50": 0.006571531295776367,
    "p95": 0.00827333927154541,
    "p99": 0.022813401222229003,
    "min": 0.00604701042175293,
    "max": 0.02742314338684082
  },
  "performance": {
    "throughput_qps": 141.37011485202817,
    "avg_latency_ms": 7.0736308097839355
  }
}