{
  "benchmark": "LongMemEval",
  "timestamp": "2026-04-09T00:06:14.490861",
  "summary": {
    "total_questions": 500,
    "correct_answers": 125,
    "accuracy": 0.25,
    "target_accuracy": 0.75,
    "target_achieved": false
  },
  "by_category": {
    "information_extraction": 0.8,
    "temporal_reasoning": 0.03,
    "knowledge_updates": 0.42
  },
  "latency": {
    "mean": 0.012795914649963379,
    "median": 0.010811567306518555,
    "p50": 0.010811567306518555,
    "p95": 0.022799670696258528,
    "p99": 0.034774701595306386,
    "min": 0.006349086761474609,
    "max": 0.05447506904602051
  },
  "performance": {
    "throughput_qps": 78.14994295877567,
    "avg_latency_ms": 12.795914649963379
  }
}