{
  "benchmark": "LongMemEval",
  "timestamp": "2026-04-08T19:56:37.496551",
  "summary": {
    "total_questions": 500,
    "correct_answers": 125,
    "accuracy": 0.25,
    "target_accuracy": 0.75,
    "target_achieved": false
  },
  "by_category": {
    "information_extraction": 0.8,
    "temporal_reasoning": 0.03,
    "knowledge_updates": 0.42
  },
  "latency": {
    "mean": 0.020515528202056883,
    "median": 0.01739346981048584,
    "p50": 0.01739346981048584,
    "p95": 0.0361083149909973,
    "p99": 0.0526115322113037,
    "min": 0.008840084075927734,
    "max": 0.06651806831359863
  },
  "performance": {
    "throughput_qps": 48.74356585660515,
    "avg_latency_ms": 20.515528202056885
  }
}